{
    "DollarsPledged": {
        "min": 0.0,
        "max": 23218817.0,
        "mean": 638202.75,
        "std": 1853744.3801316486
    },
    "DollarsGoal": {
        "min": 1853.0,
        "max": 3706820.0,
        "mean": 178619.4150943396,
        "std": 499997.61050226894
    },
    "NumBackers": {
        "min": 0.0,
        "max": 970.0,
        "mean": 158.60593220338984,
        "std": 241.63989834727943
    },
    "DaysToGo": {
        "min": 4.0,
        "max": 33.0,
        "mean": 18.77777777777778,
        "std": 10.860507229588801
    }
}