{
    "DollarsPledged": {
        "min": 0.0,
        "max": 4795788.0,
        "mean": 445371.4329004329,
        "std": 853482.8336625124
    },
    "DollarsGoal": {
        "min": 1853.0,
        "max": 3706820.0,
        "mean": 178619.4150943396,
        "std": 499997.61050226894
    },
    "NumBackers": {
        "min": 0.0,
        "max": 970.0,
        "mean": 161.91341991341992,
        "std": 243.18024836842588
    },
    "DaysToGo": {
        "min": 4.0,
        "max": 33.0,
        "mean": 18.77777777777778,
        "std": 10.860507229588801
    }
}